{
"lengthUnit": "mil",
"remark": [],
"components": {
	"fields": ["COMPONENT_NO", "COMPONENT_NAME", "LAYER", "X_COORDINATE", "Y_COORDINATE", "ANGLE"],
	"rows": [
		[1, "CH1", "T", 1907.579, -685, 90],
		[2, "CH2", "T", 1907.579, -445, 90],
		[3, "CH3", "T", 1907.579, -205, 90],
		[4, "CH4", "T", 127.421, -730, 270],
		[5, "CH5", "T", 127.421, -490, 270],
		[6, "CH6", "T", 127.421, -245, 270],
		[7, "U1", "T", 875, -465, 0],
		[8, "XSMB", "T", 1565, -825, 0],
		[9, "PAD1", "T", 1983.859, -775.55, 0],
		[10, "PAD2", "T", 1831.299, -645.63, 0],
		[11, "PAD3", "T", 1831.299, -685, 0],
		[12, "PAD4", "T", 1831.299, -724.37, 0],
		[13, "PAD5", "T", 1983.859, -594.45, 0],
		[14, "PAD6", "T", 51.141, -639.45, 0],
		[15, "PAD7", "T", 203.701, -769.37, 0],
		[16, "PAD8", "T", 203.701, -730, 0],
		[17, "PAD9", "T", 203.701, -690.63, 0],
		[18, "PAD10", "T", 51.141, -820.55, 0],
		[19, "PAD11", "T", 51.141, -399.45, 0],
		[20, "PAD12", "T", 203.701, -529.37, 0],
		[21, "PAD13", "T", 203.701, -490, 0],
		[22, "PAD14", "T", 203.701, -450.63, 0],
		[23, "PAD15", "T", 51.141, -580.55, 0],
		[24, "PAD16", "T", 51.141, -154.45, 0],
		[25, "PAD17", "T", 203.701, -284.37, 0],
		[26, "PAD18", "T", 203.701, -245, 0],
		[27, "PAD19", "T", 203.701, -205.63, 0],
		[28, "PAD20", "T", 51.141, -335.55, 0],
		[29, "PAD21", "T", 520.67, -65, 0],
		[30, "PAD22", "T", 520.67, -165, 0],
		[31, "PAD23", "T", 520.67, -465, 0],
		[32, "PAD24", "T", 520.67, -565, 0],
		[33, "PAD25", "T", 520.67, -665, 0],
		[34, "PAD26", "T", 520.67, -765, 0],
		[35, "PAD27", "T", 520.67, -865, 0],
		[36, "PAD28", "T", 1229.33, -865, 0],
		[37, "PAD29", "T", 1229.33, -765, 0],
		[38, "PAD30", "T", 1229.33, -665, 0],
		[39, "PAD31", "T", 575, -65, 0],
		[40, "PAD31", "B", 575, -65, 0],
		[41, "PAD32", "T", 575, -165, 0],
		[42, "PAD32", "B", 575, -165, 0],
		[43, "PAD33", "T", 575, -465, 0],
		[44, "PAD33", "B", 575, -465, 0],
		[45, "PAD34", "T", 575, -565, 0],
		[46, "PAD34", "B", 575, -565, 0],
		[47, "PAD35", "T", 575, -665, 0],
		[48, "PAD35", "B", 575, -665, 0],
		[49, "PAD36", "T", 575, -765, 0],
		[50, "PAD36", "B", 575, -765, 0],
		[51, "PAD37", "T", 575, -865, 0],
		[52, "PAD37", "B", 575, -865, 0],
		[53, "PAD38", "T", 1175, -865, 0],
		[54, "PAD38", "B", 1175, -865, 0],
		[55, "PAD39", "T", 1175, -765, 0],
		[56, "PAD39", "B", 1175, -765, 0],
		[57, "PAD40", "T", 1175, -665, 0],
		[58, "PAD40", "B", 1175, -665, 0],
		[59, "PAD41", "T", 1435.08, -901.28, 0],
		[60, "PAD42", "T", 1643.74, -748.72, 0],
		[61, "PAD43", "T", 1604.37, -748.72, 0],
		[62, "PAD44", "T", 1565, -748.72, 0],
		[63, "PAD45", "T", 1525.63, -748.72, 0],
		[64, "PAD46", "T", 1486.26, -748.72, 0],
		[65, "PAD47", "T", 1694.92, -901.28, 0],
		[66, "PAD48", "T", 1983.859, -535.55, 0],
		[67, "PAD49", "T", 1831.299, -405.63, 0],
		[68, "PAD50", "T", 1831.299, -445, 0],
		[69, "PAD51", "T", 1831.299, -484.37, 0],
		[70, "PAD52", "T", 1983.859, -354.45, 0],
		[71, "PAD53", "T", 1983.859, -295.55, 0],
		[72, "PAD54", "T", 1831.299, -165.63, 0],
		[73, "PAD55", "T", 1831.299, -205, 0],
		[74, "PAD56", "T", 1831.299, -244.37, 0],
		[75, "PAD57", "T", 1983.859, -114.45, 0]
	]
},
"pins": {
	"fields": ["PIN_NO", "PIN_NAME", "PIN_X", "PIN_Y", "LAYER", "PIN_TYPE", "NET_NAME", "NET_TYPE", "PAD_SHAPE", "PAD_SIZEX", "PAD_SIZEY", "HOLE_SIZE", "HOLE_LEN", "PAD_ANGLE"],
	"rows": [
		[1, "CH1_1", 1831.299, -724.37, "T", "SMD", "5V", "", "R", 61.024, 23.622, 0, 0, 360],
		[2, "CH1_2", 1831.299, -685, "T", "SMD", "CH1", "", "R", 61.024, 23.622, 0, 0, 360],
		[3, "CH1_3", 1831.299, -645.63, "T", "SMD", "GND", "GND", "R", 61.024, 23.622, 0, 0, 360],
		[4, "CH1_4", 1983.859, -594.45, "T", "SMD", "GND", "GND", "R", 70.866, 47.244, 0, 0, 360],
		[5, "CH1_5", 1983.859, -775.55, "T", "SMD", "GND", "GND", "R", 70.866, 47.244, 0, 0, 360],
		[6, "CH2_1", 1831.299, -484.37, "T", "SMD", "5V", "", "R", 61.024, 23.622, 0, 0, 360],
		[7, "CH2_2", 1831.299, -445, "T", "SMD", "CH2", "", "R", 61.024, 23.622, 0, 0, 360],
		[8, "CH2_3", 1831.299, -405.63, "T", "SMD", "GND", "GND", "R", 61.024, 23.622, 0, 0, 360],
		[9, "CH2_4", 1983.859, -354.45, "T", "SMD", "GND", "GND", "R", 70.866, 47.244, 0, 0, 360],
		[10, "CH2_5", 1983.859, -535.55, "T", "SMD", "GND", "GND", "R", 70.866, 47.244, 0, 0, 360],
		[11, "CH3_1", 1831.299, -244.37, "T", "SMD", "5V", "", "R", 61.024, 23.622, 0, 0, 360],
		[12, "CH3_2", 1831.299, -205, "T", "SMD", "CH3", "", "R", 61.024, 23.622, 0, 0, 360],
		[13, "CH3_3", 1831.299, -165.63, "T", "SMD", "GND", "GND", "R", 61.024, 23.622, 0, 0, 360],
		[14, "CH3_4", 1983.859, -114.45, "T", "SMD", "GND", "GND", "R", 70.866, 47.244, 0, 0, 360],
		[15, "CH3_5", 1983.859, -295.55, "T", "SMD", "GND", "GND", "R", 70.866, 47.244, 0, 0, 360],
		[16, "CH4_1", 203.701, -690.63, "T", "SMD", "5V", "", "R", 61.024, 23.622, 0, 0, 180],
		[17, "CH4_2", 203.701, -730, "T", "SMD", "CH4", "", "R", 61.024, 23.622, 0, 0, 180],
		[18, "CH4_3", 203.701, -769.37, "T", "SMD", "GND", "GND", "R", 61.024, 23.622, 0, 0, 180],
		[19, "CH4_4", 51.141, -820.55, "T", "SMD", "GND", "GND", "R", 70.866, 47.244, 0, 0, 180],
		[20, "CH4_5", 51.141, -639.45, "T", "SMD", "GND", "GND", "R", 70.866, 47.244, 0, 0, 180],
		[21, "CH5_1", 203.701, -450.63, "T", "SMD", "5V", "", "R", 61.024, 23.622, 0, 0, 180],
		[22, "CH5_2", 203.701, -490, "T", "SMD", "CH5", "", "R", 61.024, 23.622, 0, 0, 180],
		[23, "CH5_3", 203.701, -529.37, "T", "SMD", "GND", "GND", "R", 61.024, 23.622, 0, 0, 180],
		[24, "CH5_4", 51.141, -580.55, "T", "SMD", "GND", "GND", "R", 70.866, 47.244, 0, 0, 180],
		[25, "CH5_5", 51.141, -399.45, "T", "SMD", "GND", "GND", "R", 70.866, 47.244, 0, 0, 180],
		[26, "CH6_1", 203.701, -205.63, "T", "SMD", "5V", "", "R", 61.024, 23.622, 0, 0, 180],
		[27, "CH6_2", 203.701, -245, "T", "SMD", "CH6", "", "R", 61.024, 23.622, 0, 0, 180],
		[28, "CH6_3", 203.701, -284.37, "T", "SMD", "GND", "GND", "R", 61.024, 23.622, 0, 0, 180],
		[29, "CH6_4", 51.141, -335.55, "T", "SMD", "GND", "GND", "R", 70.866, 47.244, 0, 0, 180],
		[30, "CH6_5", 51.141, -154.45, "T", "SMD", "GND", "GND", "R", 70.866, 47.244, 0, 0, 180],
		[31, "U1_1", 520.67, -65, "T", "SMD", "5V", "", "R", 78.74, 59.055, 0, 0, 0],
		[32, "U1_1", 575, -65, "T", "DIP", "5V", "", "C", 62.992, 62.992, 39.37, 39.37, 0],
		[33, "U1_1", 575, -65, "B", "DIP", "5V", "", "C", 62.992, 62.992, 39.37, 39.37, 0],
		[34, "U1_2", 520.67, -165, "T", "SMD", "GND", "GND", "R", 78.74, 59.055, 0, 0, 0],
		[35, "U1_2", 575, -165, "T", "DIP", "GND", "GND", "C", 62.992, 62.992, 39.37, 39.37, 0],
		[36, "U1_2", 575, -165, "B", "DIP", "GND", "GND", "C", 62.992, 62.992, 39.37, 39.37, 0],
		[37, "U1_3", 520.67, -265, "T", "SMD", "NET_1", "", "R", 78.74, 59.055, 0, 0, 0],
		[38, "U1_3", 575, -265, "T", "DIP", "NET_2", "", "C", 62.992, 62.992, 39.37, 39.37, 0],
		[39, "U1_3", 575, -265, "B", "DIP", "NET_2", "", "C", 62.992, 62.992, 39.37, 39.37, 0],
		[40, "U1_4", 520.67, -365, "T", "SMD", "NET_3", "", "R", 78.74, 59.055, 0, 0, 0],
		[41, "U1_4", 575, -365, "T", "DIP", "NET_4", "", "C", 62.992, 62.992, 39.37, 39.37, 0],
		[42, "U1_4", 575, -365, "B", "DIP", "NET_4", "", "C", 62.992, 62.992, 39.37, 39.37, 0],
		[43, "U1_5", 520.67, -465, "T", "SMD", "CH1", "", "R", 78.74, 59.055, 0, 0, 0],
		[44, "U1_5", 575, -465, "T", "DIP", "CH1", "", "C", 62.992, 62.992, 39.37, 39.37, 0],
		[45, "U1_5", 575, -465, "B", "DIP", "CH1", "", "C", 62.992, 62.992, 39.37, 39.37, 0],
		[46, "U1_6", 520.67, -565, "T", "SMD", "CH2", "", "R", 78.74, 59.055, 0, 0, 0],
		[47, "U1_6", 575, -565, "T", "DIP", "CH2", "", "C", 62.992, 62.992, 39.37, 39.37, 0],
		[48, "U1_6", 575, -565, "B", "DIP", "CH2", "", "C", 62.992, 62.992, 39.37, 39.37, 0],
		[49, "U1_7", 520.67, -665, "T", "SMD", "CH3", "", "R", 78.74, 59.055, 0, 0, 0],
		[50, "U1_7", 575, -665, "T", "DIP", "CH3", "", "C", 62.992, 62.992, 39.37, 39.37, 0],
		[51, "U1_7", 575, -665, "B", "DIP", "CH3", "", "C", 62.992, 62.992, 39.37, 39.37, 0],
		[52, "U1_8", 520.67, -765, "T", "SMD", "CH4", "", "R", 78.74, 59.055, 0, 0, 0],
		[53, "U1_8", 575, -765, "T", "DIP", "CH4", "", "C", 62.992, 62.992, 39.37, 39.37, 0],
		[54, "U1_8", 575, -765, "B", "DIP", "CH4", "", "C", 62.992, 62.992, 39.37, 39.37, 0],
		[55, "U1_9", 520.67, -865, "T", "SMD", "CH5", "", "R", 78.74, 59.055, 0, 0, 0],
		[56, "U1_9", 575, -865, "T", "DIP", "CH5", "", "C", 62.992, 62.992, 39.37, 39.37, 0],
		[57, "U1_9", 575, -865, "B", "DIP", "CH5", "", "C", 62.992, 62.992, 39.37, 39.37, 0],
		[58, "U1_10", 1229.33, -865, "T", "SMD", "CH6", "", "R", 78.74, 59.055, 0, 0, 0],
		[59, "U1_10", 1175, -865, "T", "DIP", "CH6", "", "C", 62.992, 62.992, 39.37, 39.37, 0],
		[60, "U1_10", 1175, -865, "B", "DIP", "CH6", "", "C", 62.992, 62.992, 39.37, 39.37, 0],
		[61, "U1_11", 1229.33, -765, "T", "SMD", "XSDA", "", "R", 78.74, 59.055, 0, 0, 0],
		[62, "U1_11", 1175, -765, "T", "DIP", "XSDA", "", "C", 62.992, 62.992, 39.37, 39.37, 0],
		[63, "U1_11", 1175, -765, "B", "DIP", "XSDA", "", "C", 62.992, 62.992, 39.37, 39.37, 0],
		[64, "U1_12", 1229.33, -665, "T", "SMD", "XSCL", "", "R", 78.74, 59.055, 0, 0, 0],
		[65, "U1_12", 1175, -665, "T", "DIP", "XSCL", "", "C", 62.992, 62.992, 39.37, 39.37, 0],
		[66, "U1_12", 1175, -665, "B", "DIP", "XSCL", "", "C", 62.992, 62.992, 39.37, 39.37, 0],
		[67, "U1_13", 1229.33, -565, "T", "SMD", "NET_5", "", "R", 78.74, 59.055, 0, 0, 0],
		[68, "U1_13", 1175, -565, "T", "DIP", "NET_6", "", "C", 62.992, 62.992, 39.37, 39.37, 0],
		[69, "U1_13", 1175, -565, "B", "DIP", "NET_6", "", "C", 62.992, 62.992, 39.37, 39.37, 0],
		[70, "U1_14", 1229.33, -465, "T", "SMD", "NET_7", "", "R", 78.74, 59.055, 0, 0, 0],
		[71, "U1_14", 1175, -465, "T", "DIP", "NET_8", "", "C", 62.992, 62.992, 39.37, 39.37, 0],
		[72, "U1_14", 1175, -465, "B", "DIP", "NET_8", "", "C", 62.992, 62.992, 39.37, 39.37, 0],
		[73, "U1_15", 1229.33, -365, "T", "SMD", "NET_9", "", "R", 78.74, 59.055, 0, 0, 0],
		[74, "U1_15", 1175, -365, "T", "DIP", "NET_10", "", "C", 62.992, 62.992, 39.37, 39.37, 0],
		[75, "U1_15", 1175, -365, "B", "DIP", "NET_10", "", "C", 62.992, 62.992, 39.37, 39.37, 0],
		[76, "U1_16", 1229.33, -265, "T", "SMD", "NET_11", "", "R", 78.74, 59.055, 0, 0, 0],
		[77, "U1_16", 1175, -265, "T", "DIP", "NET_12", "", "C", 62.992, 62.992, 39.37, 39.37, 0],
		[78, "U1_16", 1175, -265, "B", "DIP", "NET_12", "", "C", 62.992, 62.992, 39.37, 39.37, 0],
		[79, "U1_17", 1229.33, -165, "T", "SMD", "NET_13", "", "R", 78.74, 59.055, 0, 0, 0],
		[80, "U1_17", 1175, -165, "T", "DIP", "NET_14", "", "C", 62.992, 62.992, 39.37, 39.37, 0],
		[81, "U1_17", 1175, -165, "B", "DIP", "NET_14", "", "C", 62.992, 62.992, 39.37, 39.37, 0],
		[82, "U1_18", 1229.33, -65, "T", "SMD", "NET_15", "", "R", 78.74, 59.055, 0, 0, 0],
		[83, "U1_18", 1175, -65, "T", "DIP", "NET_16", "", "C", 62.992, 62.992, 39.37, 39.37, 0],
		[84, "U1_18", 1175, -65, "B", "DIP", "NET_16", "", "C", 62.992, 62.992, 39.37, 39.37, 0],
		[85, "XSMB_1", 1486.26, -748.72, "T", "SMD", "5V", "", "R", 23.622, 61.024, 0, 0, 0],
		[86, "XSMB_2", 1525.63, -748.72, "T", "SMD", "GND", "GND", "R", 23.622, 61.024, 0, 0, 0],
		[87, "XSMB_3", 1565, -748.72, "T", "SMD", "3.3V", "", "R", 23.622, 61.024, 0, 0, 0],
		[88, "XSMB_4", 1604.37, -748.72, "T", "SMD", "XSDA", "", "R", 23.622, 61.024, 0, 0, 0],
		[89, "XSMB_5", 1643.74, -748.72, "T", "SMD", "XSCL", "", "R", 23.622, 61.024, 0, 0, 0],
		[90, "XSMB_6", 1694.92, -901.28, "T", "SMD", "GND", "GND", "R", 47.244, 70.866, 0, 0, 0],
		[91, "XSMB_7", 1435.08, -901.28, "T", "SMD", "GND", "GND", "R", 47.244, 70.866, 0, 0, 0],
		[92, "PAD1_5", 1983.859, -775.55, "T", "SMD", "GND", "GND", "R", 70.866, 47.244, 0, 0, 360],
		[93, "PAD2_3", 1831.299, -645.63, "T", "SMD", "GND", "GND", "R", 61.024, 23.622, 0, 0, 360],
		[94, "PAD3_2", 1831.299, -685, "T", "SMD", "CH1", "", "R", 61.024, 23.622, 0, 0, 360],
		[95, "PAD4_1", 1831.299, -724.37, "T", "SMD", "5V", "", "R", 61.024, 23.622, 0, 0, 360],
		[96, "PAD5_4", 1983.859, -594.45, "T", "SMD", "GND", "GND", "R", 70.866, 47.244, 0, 0, 360],
		[97, "PAD6_5", 51.141, -639.45, "T", "SMD", "GND", "GND", "R", 70.866, 47.244, 0, 0, 180],
		[98, "PAD7_3", 203.701, -769.37, "T", "SMD", "GND", "GND", "R", 61.024, 23.622, 0, 0, 180],
		[99, "PAD8_2", 203.701, -730, "T", "SMD", "CH4", "", "R", 61.024, 23.622, 0, 0, 180],
		[100, "PAD9_1", 203.701, -690.63, "T", "SMD", "5V", "", "R", 61.024, 23.622, 0, 0, 180],
		[101, "PAD10_4", 51.141, -820.55, "T", "SMD", "GND", "GND", "R", 70.866, 47.244, 0, 0, 180],
		[102, "PAD11_5", 51.141, -399.45, "T", "SMD", "GND", "GND", "R", 70.866, 47.244, 0, 0, 180],
		[103, "PAD12_3", 203.701, -529.37, "T", "SMD", "GND", "GND", "R", 61.024, 23.622, 0, 0, 180],
		[104, "PAD13_2", 203.701, -490, "T", "SMD", "CH5", "", "R", 61.024, 23.622, 0, 0, 180],
		[105, "PAD14_1", 203.701, -450.63, "T", "SMD", "5V", "", "R", 61.024, 23.622, 0, 0, 180],
		[106, "PAD15_4", 51.141, -580.55, "T", "SMD", "GND", "GND", "R", 70.866, 47.244, 0, 0, 180],
		[107, "PAD16_5", 51.141, -154.45, "T", "SMD", "GND", "GND", "R", 70.866, 47.244, 0, 0, 180],
		[108, "PAD17_3", 203.701, -284.37, "T", "SMD", "GND", "GND", "R", 61.024, 23.622, 0, 0, 180],
		[109, "PAD18_2", 203.701, -245, "T", "SMD", "CH6", "", "R", 61.024, 23.622, 0, 0, 180],
		[110, "PAD19_1", 203.701, -205.63, "T", "SMD", "5V", "", "R", 61.024, 23.622, 0, 0, 180],
		[111, "PAD20_4", 51.141, -335.55, "T", "SMD", "GND", "GND", "R", 70.866, 47.244, 0, 0, 180],
		[112, "PAD21_1", 520.67, -65, "T", "SMD", "5V", "", "R", 78.74, 59.055, 0, 0, 0],
		[113, "PAD22_2", 520.67, -165, "T", "SMD", "GND", "GND", "R", 78.74, 59.055, 0, 0, 0],
		[114, "PAD23_5", 520.67, -465, "T", "SMD", "CH1", "", "R", 78.74, 59.055, 0, 0, 0],
		[115, "PAD24_6", 520.67, -565, "T", "SMD", "CH2", "", "R", 78.74, 59.055, 0, 0, 0],
		[116, "PAD25_7", 520.67, -665, "T", "SMD", "CH3", "", "R", 78.74, 59.055, 0, 0, 0],
		[117, "PAD26_8", 520.67, -765, "T", "SMD", "CH4", "", "R", 78.74, 59.055, 0, 0, 0],
		[118, "PAD27_9", 520.67, -865, "T", "SMD", "CH5", "", "R", 78.74, 59.055, 0, 0, 0],
		[119, "PAD28_10", 1229.33, -865, "T", "SMD", "CH6", "", "R", 78.74, 59.055, 0, 0, 0],
		[120, "PAD29_11", 1229.33, -765, "T", "SMD", "XSDA", "", "R", 78.74, 59.055, 0, 0, 0],
		[121, "PAD30_12", 1229.33, -665, "T", "SMD", "XSCL", "", "R", 78.74, 59.055, 0, 0, 0],
		[122, "PAD31_1", 575, -65, "T", "DIP", "5V", "", "C", 62.992, 62.992, 39.37, 39.37, 0],
		[123, "PAD31_1", 575, -65, "B", "DIP", "5V", "", "C", 62.992, 62.992, 39.37, 39.37, 0],
		[124, "PAD32_2", 575, -165, "T", "DIP", "GND", "GND", "C", 62.992, 62.992, 39.37, 39.37, 0],
		[125, "PAD32_2", 575, -165, "B", "DIP", "GND", "GND", "C", 62.992, 62.992, 39.37, 39.37, 0],
		[126, "PAD33_5", 575, -465, "T", "DIP", "CH1", "", "C", 62.992, 62.992, 39.37, 39.37, 0],
		[127, "PAD33_5", 575, -465, "B", "DIP", "CH1", "", "C", 62.992, 62.992, 39.37, 39.37, 0],
		[128, "PAD34_6", 575, -565, "T", "DIP", "CH2", "", "C", 62.992, 62.992, 39.37, 39.37, 0],
		[129, "PAD34_6", 575, -565, "B", "DIP", "CH2", "", "C", 62.992, 62.992, 39.37, 39.37, 0],
		[130, "PAD35_7", 575, -665, "T", "DIP", "CH3", "", "C", 62.992, 62.992, 39.37, 39.37, 0],
		[131, "PAD35_7", 575, -665, "B", "DIP", "CH3", "", "C", 62.992, 62.992, 39.37, 39.37, 0],
		[132, "PAD36_8", 575, -765, "T", "DIP", "CH4", "", "C", 62.992, 62.992, 39.37, 39.37, 0],
		[133, "PAD36_8", 575, -765, "B", "DIP", "CH4", "", "C", 62.992, 62.992, 39.37, 39.37, 0],
		[134, "PAD37_9", 575, -865, "T", "DIP", "CH5", "", "C", 62.992, 62.992, 39.37, 39.37, 0],
		[135, "PAD37_9", 575, -865, "B", "DIP", "CH5", "", "C", 62.992, 62.992, 39.37, 39.37, 0],
		[136, "PAD38_10", 1175, -865, "T", "DIP", "CH6", "", "C", 62.992, 62.992, 39.37, 39.37, 0],
		[137, "PAD38_10", 1175, -865, "B", "DIP", "CH6", "", "C", 62.992, 62.992, 39.37, 39.37, 0],
		[138, "PAD39_11", 1175, -765, "T", "DIP", "XSDA", "", "C", 62.992, 62.992, 39.37, 39.37, 0],
		[139, "PAD39_11", 1175, -765, "B", "DIP", "XSDA", "", "C", 62.992, 62.992, 39.37, 39.37, 0],
		[140, "PAD40_12", 1175, -665, "T", "DIP", "XSCL", "", "C", 62.992, 62.992, 39.37, 39.37, 0],
		[141, "PAD40_12", 1175, -665, "B", "DIP", "XSCL", "", "C", 62.992, 62.992, 39.37, 39.37, 0],
		[142, "PAD41_7", 1435.08, -901.28, "T", "SMD", "GND", "GND", "R", 47.244, 70.866, 0, 0, 0],
		[143, "PAD42_5", 1643.74, -748.72, "T", "SMD", "XSCL", "", "R", 23.622, 61.024, 0, 0, 0],
		[144, "PAD43_4", 1604.37, -748.72, "T", "SMD", "XSDA", "", "R", 23.622, 61.024, 0, 0, 0],
		[145, "PAD44_3", 1565, -748.72, "T", "SMD", "3.3V", "", "R", 23.622, 61.024, 0, 0, 0],
		[146, "PAD45_2", 1525.63, -748.72, "T", "SMD", "GND", "GND", "R", 23.622, 61.024, 0, 0, 0],
		[147, "PAD46_1", 1486.26, -748.72, "T", "SMD", "5V", "", "R", 23.622, 61.024, 0, 0, 0],
		[148, "PAD47_6", 1694.92, -901.28, "T", "SMD", "GND", "GND", "R", 47.244, 70.866, 0, 0, 0],
		[149, "PAD48_5", 1983.859, -535.55, "T", "SMD", "GND", "GND", "R", 70.866, 47.244, 0, 0, 360],
		[150, "PAD49_3", 1831.299, -405.63, "T", "SMD", "GND", "GND", "R", 61.024, 23.622, 0, 0, 360],
		[151, "PAD50_2", 1831.299, -445, "T", "SMD", "CH2", "", "R", 61.024, 23.622, 0, 0, 360],
		[152, "PAD51_1", 1831.299, -484.37, "T", "SMD", "5V", "", "R", 61.024, 23.622, 0, 0, 360],
		[153, "PAD52_4", 1983.859, -354.45, "T", "SMD", "GND", "GND", "R", 70.866, 47.244, 0, 0, 360],
		[154, "PAD53_5", 1983.859, -295.55, "T", "SMD", "GND", "GND", "R", 70.866, 47.244, 0, 0, 360],
		[155, "PAD54_3", 1831.299, -165.63, "T", "SMD", "GND", "GND", "R", 61.024, 23.622, 0, 0, 360],
		[156, "PAD55_2", 1831.299, -205, "T", "SMD", "CH3", "", "R", 61.024, 23.622, 0, 0, 360],
		[157, "PAD56_1", 1831.299, -244.37, "T", "SMD", "5V", "", "R", 61.024, 23.622, 0, 0, 360],
		[158, "PAD57_4", 1983.859, -114.45, "T", "SMD", "GND", "GND", "R", 70.866, 47.244, 0, 0, 360]
	]
}
}